first_name,last_name,email_address,display_name,password,title,department
Web1,QA1,WebQa1@Webauto.org,WebQa1,tigerqa,,
Web2,QA2,WebQa2@Webauto.org,WebQa2,tigerqa,,
Web3,QA3,WebQa3@Webauto.org,WebQa3,tigerqa,,
WebUser1,QA1,WebUser1@Webauto.org,WebUser1,tigerqa,,
WebUser2,QA2,WebUser2@Webauto.org,WebUser2,tigerqa,,
WebUser3,QA3,WebUser3@Webauto.org,WebUser3,tigerqa,,
WebUser4,QA4,WebUser4@Webauto.org,WebUser4,tigerqa,,
ttauto,tt,testautott+qaWeb@tigertext.com,ttauto,tigerqa,,
WebGrpQa1,user1,WebGrpQa1@Webauto.org,WebGrpQa1,tigerqa,,
WebGrpQa2,user2,WebGrpQa2@Webauto.org,WebGrpQa2,tigerqa,,
Auto,Admin,auto_admin@Webauto.org,Auto Admin,tigerqa,,